<manifest alg="2" build="2018.0.0.379" opt="false" iceEnabled="true" iceMarkupVersion="2" iceEnabledOptions="link,responsive,cachebuster,textStyling" exportTarget="other" domain="www.yourmerch.com" resolutions="1x" timestamp="1560109508927">
  <folder name="css">
    <file name="site_global.css" crc="444006867"/>
    <file name="master_a-master.css" crc="143404497" ref="about:index:contact:men:women"/>
    <file name="about.css" crc="52460786" ref="about"/>
    <file name="index.css" crc="4161682109" ref="index"/>
    <file name="contact.css" crc="316018867" ref="contact"/>
    <file name="men.css" crc="4206232752" ref="men"/>
    <file name="women.css" crc="4088420000" ref="women"/>
  </folder>
  <folder name="scripts">
    <file name="jquery-1.8.3.min.js" crc="209076791" ref="index:men:about:contact:women"/>
    <file name="museutils.js" crc="3803043152" ref="index:men:about:contact:women"/>
    <file name="whatinput.js" crc="86476730" ref="index:men:about:contact:women"/>
    <file name="museconfig.js" crc="380897831" ref="index:men:about:contact:women"/>
    <file name="jquery.watch.js" crc="99325471" ref="index:men:about:contact:women"/>
    <file name="jquery.musemenu.js" crc="3784699396" ref="index:men:about:contact:women"/>
    <file name="html5shiv.js" crc="4241844378" ref="index:men:about:contact:women"/>
    <file name="require.js" crc="4157109226" ref="index:men:about:contact:women"/>
    <file name="webpro.js" crc="242022427" ref="men:women"/>
    <file name="musewpslideshow.js" crc="457073769" ref="men:women"/>
    <file name="jquery.museoverlay.js" crc="483674903" ref="men:women"/>
    <file name="touchswipe.js" crc="4066113679" ref="men:women"/>
  </folder>
  <folder name="images">
    <file name="yourmerch.png" crc="201381508" seo="true" ref="index:men:about:contact:women">
      <caption webpage="index" alt=""/>
      <caption webpage="men" alt=""/>
      <caption webpage="contact" alt=""/>
      <caption webpage="women" alt=""/>
      <caption webpage="about" alt=""/>
    </file>
    <file name="home page pic.jpg" crc="518211695" seo="true" ref="index">
      <caption webpage="index" alt=""/>
    </file>
    <file name="wmn2hmpg.jpg" crc="155835768" seo="true" ref="index">
      <caption webpage="index" alt=""/>
    </file>
    <file name="mn2hmpg.jpg" crc="249201098" seo="true" ref="index">
      <caption webpage="index" alt=""/>
    </file>
    <file name="woman2homepage.jpg" crc="517629663" seo="true" ref="index">
      <caption webpage="index" alt=""/>
    </file>
    <file name="10459169-1-khaki-crop-u699.jpg" crc="185561941" seo="true" ref="men">
      <caption webpage="men" alt=""/>
    </file>
    <file name="11192864-1-clear-crop-u994.jpg" crc="457995684" seo="true" ref="men">
      <caption webpage="men" alt=""/>
    </file>
    <file name="12031921-1-grey-crop-u1098.jpg" crc="15084005" seo="true" ref="men">
      <caption webpage="men" alt=""/>
    </file>
    <file name="11102895-1-black-crop-u916.jpg" crc="96525132" seo="true" ref="men">
      <caption webpage="men" alt=""/>
    </file>
    <file name="11403611-1-white-crop-u1020.jpg" crc="26607264" seo="true" ref="men">
      <caption webpage="men" alt=""/>
    </file>
    <file name="12134180-1-stone-crop-u1124.jpg" crc="536291777" seo="true" ref="men">
      <caption webpage="men" alt=""/>
    </file>
    <file name="11154520-1-bluewash-crop-u942.jpg" crc="449143402" seo="true" ref="men">
      <caption webpage="men" alt=""/>
    </file>
    <file name="11426759-1-black-crop-u1046.jpg" crc="4045601263" seo="true" ref="men">
      <caption webpage="men" alt=""/>
    </file>
    <file name="12177722-1-black-crop-u1150.jpg" crc="3870348815" seo="true" ref="men">
      <caption webpage="men" alt=""/>
    </file>
    <file name="11154522-1-khaki-crop-u968.jpg" crc="242112888" seo="true" ref="men">
      <caption webpage="men" alt=""/>
    </file>
    <file name="11954795-1-green-crop-u1072.jpg" crc="3834959969" seo="true" ref="men">
      <caption webpage="men" alt=""/>
    </file>
    <file name="12199693-1-khaki-crop-u1176.jpg" crc="486717419" seo="true" ref="men">
      <caption webpage="men" alt=""/>
    </file>
    <file name="10459169-1-khaki.jpg" crc="4245651633" seo="true" ref="men">
      <caption webpage="men" alt=""/>
    </file>
    <file name="blank.gif" crc="4208392903" ref="men:women"/>
    <file name="11102895-1-black.jpg" crc="3981501343" seo="true" ref="men">
      <caption webpage="men" alt=""/>
    </file>
    <file name="11154520-1-bluewash-crop-u934.jpg" crc="288006791" seo="true" ref="men">
      <caption webpage="men" alt=""/>
    </file>
    <file name="11154522-1-khaki.jpg" crc="106660871" seo="true" ref="men">
      <caption webpage="men" alt=""/>
    </file>
    <file name="11192864-1-clear.jpg" crc="3803701168" seo="true" ref="men">
      <caption webpage="men" alt=""/>
    </file>
    <file name="11403611-1-white.jpg" crc="3856897517" seo="true" ref="men">
      <caption webpage="men" alt=""/>
    </file>
    <file name="11426759-1-black.jpg" crc="324419096" seo="true" ref="men">
      <caption webpage="men" alt=""/>
    </file>
    <file name="11954795-1-green.jpg" crc="83496971" seo="true" ref="men">
      <caption webpage="men" alt=""/>
    </file>
    <file name="12031921-1-grey.jpg" crc="318302126" seo="true" ref="men">
      <caption webpage="men" alt=""/>
    </file>
    <file name="12134180-1-stone.jpg" crc="156087167" seo="true" ref="men">
      <caption webpage="men" alt=""/>
    </file>
    <file name="12177722-1-black.jpg" crc="117083568" seo="true" ref="men">
      <caption webpage="men" alt=""/>
    </file>
    <file name="12199693-1-khaki.jpg" crc="494869442" seo="true" ref="men">
      <caption webpage="men" alt=""/>
    </file>
    <file name="loading.gif" crc="3815509949" ref="men:women"/>
    <file name="addtocart-u1634.png" crc="4223665725" ref="men"/>
    <file name="addtocart-u1682.png" crc="4223665725" ref="men"/>
    <file name="addtocart-u1689.png" crc="4223665725" ref="men"/>
    <file name="addtocart-u1703.png" crc="4223665725" ref="men"/>
    <file name="addtocart-u1710.png" crc="4223665725" ref="men"/>
    <file name="addtocart-u1717.png" crc="4223665725" ref="men"/>
    <file name="addtocart-u1724.png" crc="4223665725" ref="men"/>
    <file name="addtocart-u1731.png" crc="4223665725" ref="men"/>
    <file name="addtocart-u1738.png" crc="4223665725" ref="men"/>
    <file name="addtocart-u1745.png" crc="4223665725" ref="men"/>
    <file name="addtocart-u1752.png" crc="4223665725" ref="men"/>
    <file name="addtocart-u1759.png" crc="4223665725" ref="men"/>
    <file name="10738429-1-khaki (1)-crop-u2120.jpg" crc="4269683984" seo="true" ref="women">
      <caption webpage="women" alt=""/>
    </file>
    <file name="11859582-1-gold-crop-u2200.jpg" crc="255915332" seo="true" ref="women">
      <caption webpage="women" alt=""/>
    </file>
    <file name="12197854-1-gold-crop-u2280.jpg" crc="261807670" seo="true" ref="women">
      <caption webpage="women" alt=""/>
    </file>
    <file name="10896013-1-navy-crop-u2140.jpg" crc="475538025" seo="true" ref="women">
      <caption webpage="women" alt=""/>
    </file>
    <file name="11882028-1-rust-crop-u2220.jpg" crc="3876566430" seo="true" ref="women">
      <caption webpage="women" alt=""/>
    </file>
    <file name="12273266-1-olivepink-crop-u2300.jpg" crc="242984109" seo="true" ref="women">
      <caption webpage="women" alt=""/>
    </file>
    <file name="11257673-1-black-crop-u2160.jpg" crc="3818594350" seo="true" ref="women">
      <caption webpage="women" alt=""/>
    </file>
    <file name="11916807-1-multi-crop-u2240.jpg" crc="4014304284" seo="true" ref="women">
      <caption webpage="women" alt=""/>
    </file>
    <file name="12503694-1-black-crop-u2320.jpg" crc="427367147" seo="true" ref="women">
      <caption webpage="women" alt=""/>
    </file>
    <file name="11642663-1-silver (1)-crop-u2180.jpg" crc="220567604" seo="true" ref="women">
      <caption webpage="women" alt=""/>
    </file>
    <file name="12115147-1-black-crop-u2260.jpg" crc="3812847042" seo="true" ref="women">
      <caption webpage="women" alt=""/>
    </file>
    <file name="12717119-1-grey-crop-u2340.jpg" crc="3994330174" seo="true" ref="women">
      <caption webpage="women" alt=""/>
    </file>
    <file name="10738429-1-khaki (1).jpg" crc="3788959061" seo="true" ref="women">
      <caption webpage="women" alt=""/>
    </file>
    <file name="10896013-1-navy-crop-u2134.jpg" crc="330008397" seo="true" ref="women">
      <caption webpage="women" alt=""/>
    </file>
    <file name="11257673-1-black.jpg" crc="4000320080" seo="true" ref="women">
      <caption webpage="women" alt=""/>
    </file>
    <file name="11642663-1-silver (1).jpg" crc="3799696917" seo="true" ref="women">
      <caption webpage="women" alt=""/>
    </file>
    <file name="11859582-1-gold.jpg" crc="442083147" seo="true" ref="women">
      <caption webpage="women" alt=""/>
    </file>
    <file name="11882028-1-rust.jpg" crc="177086207" seo="true" ref="women">
      <caption webpage="women" alt=""/>
    </file>
    <file name="11916807-1-multi.jpg" crc="209277738" seo="true" ref="women">
      <caption webpage="women" alt=""/>
    </file>
    <file name="12115147-1-black.jpg" crc="210421061" seo="true" ref="women">
      <caption webpage="women" alt=""/>
    </file>
    <file name="12197854-1-gold.jpg" crc="3781658357" seo="true" ref="women">
      <caption webpage="women" alt=""/>
    </file>
    <file name="12273266-1-olivepink.jpg" crc="4114818792" seo="true" ref="women">
      <caption webpage="women" alt=""/>
    </file>
    <file name="12503694-1-black.jpg" crc="3773284687" seo="true" ref="women">
      <caption webpage="women" alt=""/>
    </file>
    <file name="12717119-1-grey.jpg" crc="396447091" seo="true" ref="women">
      <caption webpage="women" alt=""/>
    </file>
    <file name="addtocart-u1865.png" crc="4223665725" ref="women"/>
    <file name="addtocart-u1788.png" crc="4223665725" ref="women"/>
    <file name="addtocart-u1786.png" crc="4223665725" ref="women"/>
    <file name="addtocart-u1782.png" crc="4223665725" ref="women"/>
    <file name="addtocart-u1780.png" crc="4223665725" ref="women"/>
    <file name="addtocart-u1778.png" crc="4223665725" ref="women"/>
    <file name="addtocart-u1790.png" crc="4223665725" ref="women"/>
    <file name="addtocart-u1863.png" crc="4223665725" ref="women"/>
    <file name="addtocart-u1784.png" crc="4223665725" ref="women"/>
    <file name="addtocart-u1867.png" crc="4223665725" ref="women"/>
    <file name="addtocart-u1776.png" crc="4223665725" ref="women"/>
    <file name="addtocart-u1869.png" crc="4223665725" ref="women"/>
  </folder>
  <file name="index.html" crc="4211889956" seo="true" mt="1560108164307" redirect="true"/>
  <file name="men.html" crc="3951168667" seo="true" mt="1560106031157" redirect="true"/>
  <file name="about.html" crc="278091067" seo="true" mt="1560109393427" redirect="true"/>
  <file name="contact.html" crc="309813638" seo="true" mt="1560108273494" redirect="true"/>
  <file name="women.html" crc="3811100366" seo="true" mt="1560106098406" redirect="true"/>
</manifest>